ej_law,sum_releases_2008,sum_releases_2016,sum_facilities_2008,sum_facilities_2016
0,2398789.678323124,889723.65609,209,179
1,1658769.4509249162,1002337.8636982708,132,101
